date,cloud_pct_scl,cloud_pct_s2cloudless,cloud_pct_combined,cloud_pixels,total_pixels,cloud_mask_path
20151116,17.78,2.67,17.21,8522,49506,/Users/hqqq422/Desktop/deepearth/models/flood_hydrology/sentinel2/data/cloud_mask_20151116.tif
20160713,28.73,4.43,27.8,13763,49506,/Users/hqqq422/Desktop/deepearth/models/flood_hydrology/sentinel2/data/cloud_mask_20160713.tif
20160822,4.37,0.0,4.23,2094,49506,/Users/hqqq422/Desktop/deepearth/models/flood_hydrology/sentinel2/data/cloud_mask_20160822.tif
20160911,3.14,0.01,3.04,1507,49506,/Users/hqqq422/Desktop/deepearth/models/flood_hydrology/sentinel2/data/cloud_mask_20160911.tif
20161021,1.28,0.0,1.24,614,49506,/Users/hqqq422/Desktop/deepearth/models/flood_hydrology/sentinel2/data/cloud_mask_20161021.tif
20161110,1.05,0.0,1.01,502,49506,/Users/hqqq422/Desktop/deepearth/models/flood_hydrology/sentinel2/data/cloud_mask_20161110.tif
20161120,0.92,0.0,0.88,438,49506,/Users/hqqq422/Desktop/deepearth/models/flood_hydrology/sentinel2/data/cloud_mask_20161120.tif
20170310,0.46,0.0,0.44,220,49506,/Users/hqqq422/Desktop/deepearth/models/flood_hydrology/sentinel2/data/cloud_mask_20170310.tif
20170330,4.18,0.57,4.05,2006,49506,/Users/hqqq422/Desktop/deepearth/models/flood_hydrology/sentinel2/data/cloud_mask_20170330.tif
20170509,0.33,0.0,0.32,156,49506,/Users/hqqq422/Desktop/deepearth/models/flood_hydrology/sentinel2/data/cloud_mask_20170509.tif
20170529,8.42,0.01,8.14,4032,49506,/Users/hqqq422/Desktop/deepearth/models/flood_hydrology/sentinel2/data/cloud_mask_20170529.tif
20170817,4.28,0.0,4.14,2050,49506,/Users/hqqq422/Desktop/deepearth/models/flood_hydrology/sentinel2/data/cloud_mask_20170817.tif
20170926,0.65,0.0,0.63,310,49506,/Users/hqqq422/Desktop/deepearth/models/flood_hydrology/sentinel2/data/cloud_mask_20170926.tif
20171031,0.9,0.0,0.87,430,49506,/Users/hqqq422/Desktop/deepearth/models/flood_hydrology/sentinel2/data/cloud_mask_20171031.tif
20171120,90.81,0.0,87.77,43450,49506,/Users/hqqq422/Desktop/deepearth/models/flood_hydrology/sentinel2/data/cloud_mask_20171120.tif
20171130,1.24,0.0,1.2,592,49506,/Users/hqqq422/Desktop/deepearth/models/flood_hydrology/sentinel2/data/cloud_mask_20171130.tif
20171210,1.0,0.0,0.97,478,49506,/Users/hqqq422/Desktop/deepearth/models/flood_hydrology/sentinel2/data/cloud_mask_20171210.tif
20171230,6.66,0.0,6.44,3186,49506,/Users/hqqq422/Desktop/deepearth/models/flood_hydrology/sentinel2/data/cloud_mask_20171230.tif
20180104,1.03,0.0,1.0,494,49506,/Users/hqqq422/Desktop/deepearth/models/flood_hydrology/sentinel2/data/cloud_mask_20180104.tif
20180124,0.87,0.0,0.84,416,49506,/Users/hqqq422/Desktop/deepearth/models/flood_hydrology/sentinel2/data/cloud_mask_20180124.tif
20180218,0.99,0.0,0.96,476,49506,/Users/hqqq422/Desktop/deepearth/models/flood_hydrology/sentinel2/data/cloud_mask_20180218.tif
20180228,31.33,0.0,30.28,14991,49506,/Users/hqqq422/Desktop/deepearth/models/flood_hydrology/sentinel2/data/cloud_mask_20180228.tif
20180305,0.54,0.0,0.52,256,49506,/Users/hqqq422/Desktop/deepearth/models/flood_hydrology/sentinel2/data/cloud_mask_20180305.tif
20180315,0.85,0.0,0.82,408,49506,/Users/hqqq422/Desktop/deepearth/models/flood_hydrology/sentinel2/data/cloud_mask_20180315.tif
20180325,29.94,0.0,28.94,14326,49506,/Users/hqqq422/Desktop/deepearth/models/flood_hydrology/sentinel2/data/cloud_mask_20180325.tif
20180404,17.67,2.26,17.18,8506,49506,/Users/hqqq422/Desktop/deepearth/models/flood_hydrology/sentinel2/data/cloud_mask_20180404.tif
20180419,0.29,0.0,0.28,140,49506,/Users/hqqq422/Desktop/deepearth/models/flood_hydrology/sentinel2/data/cloud_mask_20180419.tif
20180424,0.35,0.0,0.34,168,49506,/Users/hqqq422/Desktop/deepearth/models/flood_hydrology/sentinel2/data/cloud_mask_20180424.tif
20180429,0.13,0.0,0.12,60,49506,/Users/hqqq422/Desktop/deepearth/models/flood_hydrology/sentinel2/data/cloud_mask_20180429.tif
20180509,0.51,0.0,0.49,242,49506,/Users/hqqq422/Desktop/deepearth/models/flood_hydrology/sentinel2/data/cloud_mask_20180509.tif
20180524,28.87,1.54,27.91,13818,49506,/Users/hqqq422/Desktop/deepearth/models/flood_hydrology/sentinel2/data/cloud_mask_20180524.tif
20180608,1.45,0.0,1.41,696,49506,/Users/hqqq422/Desktop/deepearth/models/flood_hydrology/sentinel2/data/cloud_mask_20180608.tif
20180817,1.01,0.0,0.97,482,49506,/Users/hqqq422/Desktop/deepearth/models/flood_hydrology/sentinel2/data/cloud_mask_20180817.tif
20180916,3.32,0.0,3.21,1588,49506,/Users/hqqq422/Desktop/deepearth/models/flood_hydrology/sentinel2/data/cloud_mask_20180916.tif
20180926,22.53,0.32,21.8,10794,49506,/Users/hqqq422/Desktop/deepearth/models/flood_hydrology/sentinel2/data/cloud_mask_20180926.tif
20181016,15.72,0.65,15.2,7526,49506,/Users/hqqq422/Desktop/deepearth/models/flood_hydrology/sentinel2/data/cloud_mask_20181016.tif
20181021,0.73,0.0,0.71,350,49506,/Users/hqqq422/Desktop/deepearth/models/flood_hydrology/sentinel2/data/cloud_mask_20181021.tif
20181031,0.9,0.0,0.87,430,49506,/Users/hqqq422/Desktop/deepearth/models/flood_hydrology/sentinel2/data/cloud_mask_20181031.tif
20181205,0.71,0.0,0.69,342,49506,/Users/hqqq422/Desktop/deepearth/models/flood_hydrology/sentinel2/data/cloud_mask_20181205.tif
20190129,1.0,0.0,0.97,480,49506,/Users/hqqq422/Desktop/deepearth/models/flood_hydrology/sentinel2/data/cloud_mask_20190129.tif
20190208,0.97,0.0,0.93,462,49506,/Users/hqqq422/Desktop/deepearth/models/flood_hydrology/sentinel2/data/cloud_mask_20190208.tif
20190325,10.62,0.08,10.27,5082,49506,/Users/hqqq422/Desktop/deepearth/models/flood_hydrology/sentinel2/data/cloud_mask_20190325.tif
20190424,0.11,0.0,0.11,54,49506,/Users/hqqq422/Desktop/deepearth/models/flood_hydrology/sentinel2/data/cloud_mask_20190424.tif
20190429,0.61,0.0,0.59,290,49506,/Users/hqqq422/Desktop/deepearth/models/flood_hydrology/sentinel2/data/cloud_mask_20190429.tif
20190519,17.21,0.76,16.67,8253,49506,/Users/hqqq422/Desktop/deepearth/models/flood_hydrology/sentinel2/data/cloud_mask_20190519.tif
20190524,0.14,0.0,0.14,68,49506,/Users/hqqq422/Desktop/deepearth/models/flood_hydrology/sentinel2/data/cloud_mask_20190524.tif
20190529,0.29,0.0,0.28,138,49506,/Users/hqqq422/Desktop/deepearth/models/flood_hydrology/sentinel2/data/cloud_mask_20190529.tif
20190623,27.12,0.0,26.21,12975,49506,/Users/hqqq422/Desktop/deepearth/models/flood_hydrology/sentinel2/data/cloud_mask_20190623.tif
20190827,1.39,0.0,1.35,666,49506,/Users/hqqq422/Desktop/deepearth/models/flood_hydrology/sentinel2/data/cloud_mask_20190827.tif
20191011,0.99,0.0,0.96,474,49506,/Users/hqqq422/Desktop/deepearth/models/flood_hydrology/sentinel2/data/cloud_mask_20191011.tif
20191110,1.17,0.0,1.13,560,49506,/Users/hqqq422/Desktop/deepearth/models/flood_hydrology/sentinel2/data/cloud_mask_20191110.tif
20191120,0.97,0.0,0.93,462,49506,/Users/hqqq422/Desktop/deepearth/models/flood_hydrology/sentinel2/data/cloud_mask_20191120.tif
20191130,1.11,0.0,1.07,530,49506,/Users/hqqq422/Desktop/deepearth/models/flood_hydrology/sentinel2/data/cloud_mask_20191130.tif
20191210,26.84,1.24,25.97,12857,49506,/Users/hqqq422/Desktop/deepearth/models/flood_hydrology/sentinel2/data/cloud_mask_20191210.tif
20191215,1.17,0.0,1.14,562,49506,/Users/hqqq422/Desktop/deepearth/models/flood_hydrology/sentinel2/data/cloud_mask_20191215.tif
20191225,2.52,0.0,2.44,1206,49506,/Users/hqqq422/Desktop/deepearth/models/flood_hydrology/sentinel2/data/cloud_mask_20191225.tif
20200109,1.92,0.0,1.86,920,49506,/Users/hqqq422/Desktop/deepearth/models/flood_hydrology/sentinel2/data/cloud_mask_20200109.tif
20200203,0.92,0.0,0.89,442,49506,/Users/hqqq422/Desktop/deepearth/models/flood_hydrology/sentinel2/data/cloud_mask_20200203.tif
20200208,0.88,0.0,0.85,422,49506,/Users/hqqq422/Desktop/deepearth/models/flood_hydrology/sentinel2/data/cloud_mask_20200208.tif
20200223,30.58,0.0,29.55,14630,49506,/Users/hqqq422/Desktop/deepearth/models/flood_hydrology/sentinel2/data/cloud_mask_20200223.tif
20200228,0.73,0.0,0.7,348,49506,/Users/hqqq422/Desktop/deepearth/models/flood_hydrology/sentinel2/data/cloud_mask_20200228.tif
20200314,0.29,0.0,0.28,138,49506,/Users/hqqq422/Desktop/deepearth/models/flood_hydrology/sentinel2/data/cloud_mask_20200314.tif
20200324,35.1,6.41,34.12,16890,49506,/Users/hqqq422/Desktop/deepearth/models/flood_hydrology/sentinel2/data/cloud_mask_20200324.tif
20200329,0.64,0.0,0.62,308,49506,/Users/hqqq422/Desktop/deepearth/models/flood_hydrology/sentinel2/data/cloud_mask_20200329.tif
20200403,0.73,0.0,0.71,350,49506,/Users/hqqq422/Desktop/deepearth/models/flood_hydrology/sentinel2/data/cloud_mask_20200403.tif
20200408,0.12,0.0,0.11,56,49506,/Users/hqqq422/Desktop/deepearth/models/flood_hydrology/sentinel2/data/cloud_mask_20200408.tif
20200503,0.52,0.0,0.5,248,49506,/Users/hqqq422/Desktop/deepearth/models/flood_hydrology/sentinel2/data/cloud_mask_20200503.tif
20200508,0.44,0.0,0.42,210,49506,/Users/hqqq422/Desktop/deepearth/models/flood_hydrology/sentinel2/data/cloud_mask_20200508.tif
20200622,5.86,0.0,5.67,2806,49506,/Users/hqqq422/Desktop/deepearth/models/flood_hydrology/sentinel2/data/cloud_mask_20200622.tif
20200627,66.92,0.0,64.68,32020,49506,/Users/hqqq422/Desktop/deepearth/models/flood_hydrology/sentinel2/data/cloud_mask_20200627.tif
20200712,31.78,3.33,30.72,15209,49506,/Users/hqqq422/Desktop/deepearth/models/flood_hydrology/sentinel2/data/cloud_mask_20200712.tif
20200727,21.53,6.14,20.93,10361,49506,/Users/hqqq422/Desktop/deepearth/models/flood_hydrology/sentinel2/data/cloud_mask_20200727.tif
20200801,1.43,0.0,1.38,684,49506,/Users/hqqq422/Desktop/deepearth/models/flood_hydrology/sentinel2/data/cloud_mask_20200801.tif
20200905,0.81,0.0,0.78,386,49506,/Users/hqqq422/Desktop/deepearth/models/flood_hydrology/sentinel2/data/cloud_mask_20200905.tif
20200925,25.82,0.9,24.96,12355,49506,/Users/hqqq422/Desktop/deepearth/models/flood_hydrology/sentinel2/data/cloud_mask_20200925.tif
20201015,32.61,3.48,31.57,15628,49506,/Users/hqqq422/Desktop/deepearth/models/flood_hydrology/sentinel2/data/cloud_mask_20201015.tif
20201030,1.16,0.0,1.12,554,49506,/Users/hqqq422/Desktop/deepearth/models/flood_hydrology/sentinel2/data/cloud_mask_20201030.tif
20201124,1.0,0.0,0.97,478,49506,/Users/hqqq422/Desktop/deepearth/models/flood_hydrology/sentinel2/data/cloud_mask_20201124.tif
20201209,1.12,0.0,1.09,538,49506,/Users/hqqq422/Desktop/deepearth/models/flood_hydrology/sentinel2/data/cloud_mask_20201209.tif
20201219,32.83,0.02,31.73,15710,49506,/Users/hqqq422/Desktop/deepearth/models/flood_hydrology/sentinel2/data/cloud_mask_20201219.tif
20201229,1.32,0.0,1.28,632,49506,/Users/hqqq422/Desktop/deepearth/models/flood_hydrology/sentinel2/data/cloud_mask_20201229.tif
20210118,0.92,0.0,0.89,442,49506,/Users/hqqq422/Desktop/deepearth/models/flood_hydrology/sentinel2/data/cloud_mask_20210118.tif
20210128,1.09,0.0,1.05,520,49506,/Users/hqqq422/Desktop/deepearth/models/flood_hydrology/sentinel2/data/cloud_mask_20210128.tif
20210202,0.59,0.0,0.57,284,49506,/Users/hqqq422/Desktop/deepearth/models/flood_hydrology/sentinel2/data/cloud_mask_20210202.tif
20210222,5.83,0.0,5.64,2790,49506,/Users/hqqq422/Desktop/deepearth/models/flood_hydrology/sentinel2/data/cloud_mask_20210222.tif
20210227,37.74,13.87,36.67,18154,49506,/Users/hqqq422/Desktop/deepearth/models/flood_hydrology/sentinel2/data/cloud_mask_20210227.tif
20210304,0.8,0.0,0.78,384,49506,/Users/hqqq422/Desktop/deepearth/models/flood_hydrology/sentinel2/data/cloud_mask_20210304.tif
20210309,0.79,0.0,0.77,380,49506,/Users/hqqq422/Desktop/deepearth/models/flood_hydrology/sentinel2/data/cloud_mask_20210309.tif
20210314,49.91,0.0,48.24,23880,49506,/Users/hqqq422/Desktop/deepearth/models/flood_hydrology/sentinel2/data/cloud_mask_20210314.tif
20210319,0.89,0.0,0.86,428,49506,/Users/hqqq422/Desktop/deepearth/models/flood_hydrology/sentinel2/data/cloud_mask_20210319.tif
20210324,0.73,0.0,0.7,348,49506,/Users/hqqq422/Desktop/deepearth/models/flood_hydrology/sentinel2/data/cloud_mask_20210324.tif
20210408,0.29,0.0,0.28,140,49506,/Users/hqqq422/Desktop/deepearth/models/flood_hydrology/sentinel2/data/cloud_mask_20210408.tif
20210413,0.54,0.0,0.52,258,49506,/Users/hqqq422/Desktop/deepearth/models/flood_hydrology/sentinel2/data/cloud_mask_20210413.tif
20210428,0.57,0.0,0.55,274,49506,/Users/hqqq422/Desktop/deepearth/models/flood_hydrology/sentinel2/data/cloud_mask_20210428.tif
20210503,0.36,0.0,0.35,174,49506,/Users/hqqq422/Desktop/deepearth/models/flood_hydrology/sentinel2/data/cloud_mask_20210503.tif
20210508,0.43,0.0,0.41,204,49506,/Users/hqqq422/Desktop/deepearth/models/flood_hydrology/sentinel2/data/cloud_mask_20210508.tif
20210523,0.58,0.0,0.56,276,49506,/Users/hqqq422/Desktop/deepearth/models/flood_hydrology/sentinel2/data/cloud_mask_20210523.tif
20210528,35.1,6.92,33.97,16816,49506,/Users/hqqq422/Desktop/deepearth/models/flood_hydrology/sentinel2/data/cloud_mask_20210528.tif
20210722,3.72,0.01,3.61,1786,49506,/Users/hqqq422/Desktop/deepearth/models/flood_hydrology/sentinel2/data/cloud_mask_20210722.tif
20210806,11.78,2.57,11.42,5653,49506,/Users/hqqq422/Desktop/deepearth/models/flood_hydrology/sentinel2/data/cloud_mask_20210806.tif
20210821,0.6,0.0,0.58,286,49506,/Users/hqqq422/Desktop/deepearth/models/flood_hydrology/sentinel2/data/cloud_mask_20210821.tif
20211020,4.59,0.02,4.45,2202,49506,/Users/hqqq422/Desktop/deepearth/models/flood_hydrology/sentinel2/data/cloud_mask_20211020.tif
20211030,1.08,0.0,1.04,516,49506,/Users/hqqq422/Desktop/deepearth/models/flood_hydrology/sentinel2/data/cloud_mask_20211030.tif
20211124,1.36,0.0,1.31,651,49506,/Users/hqqq422/Desktop/deepearth/models/flood_hydrology/sentinel2/data/cloud_mask_20211124.tif
20211129,1.28,0.0,1.24,614,49506,/Users/hqqq422/Desktop/deepearth/models/flood_hydrology/sentinel2/data/cloud_mask_20211129.tif
20211204,0.81,0.0,0.78,388,49506,/Users/hqqq422/Desktop/deepearth/models/flood_hydrology/sentinel2/data/cloud_mask_20211204.tif
20211224,45.87,0.0,44.33,21945,49506,/Users/hqqq422/Desktop/deepearth/models/flood_hydrology/sentinel2/data/cloud_mask_20211224.tif
20211229,1.11,0.0,1.07,530,49506,/Users/hqqq422/Desktop/deepearth/models/flood_hydrology/sentinel2/data/cloud_mask_20211229.tif
20220103,17.03,0.0,16.46,8148,49506,/Users/hqqq422/Desktop/deepearth/models/flood_hydrology/sentinel2/data/cloud_mask_20220103.tif
20220108,1.1,0.0,1.06,526,49506,/Users/hqqq422/Desktop/deepearth/models/flood_hydrology/sentinel2/data/cloud_mask_20220108.tif
20220113,0.66,0.0,0.64,316,49506,/Users/hqqq422/Desktop/deepearth/models/flood_hydrology/sentinel2/data/cloud_mask_20220113.tif
20220118,1.1,0.0,1.06,526,49506,/Users/hqqq422/Desktop/deepearth/models/flood_hydrology/sentinel2/data/cloud_mask_20220118.tif
20220202,0.0,0.0,0.0,0,49506,/Users/hqqq422/Desktop/deepearth/models/flood_hydrology/sentinel2/data/cloud_mask_20220202.tif
20220212,0.0,0.0,0.0,0,49506,/Users/hqqq422/Desktop/deepearth/models/flood_hydrology/sentinel2/data/cloud_mask_20220212.tif
20220222,2.03,0.0,1.96,972,49506,/Users/hqqq422/Desktop/deepearth/models/flood_hydrology/sentinel2/data/cloud_mask_20220222.tif
20220304,0.0,0.0,0.0,0,49506,/Users/hqqq422/Desktop/deepearth/models/flood_hydrology/sentinel2/data/cloud_mask_20220304.tif
20220329,0.0,0.0,0.0,0,49506,/Users/hqqq422/Desktop/deepearth/models/flood_hydrology/sentinel2/data/cloud_mask_20220329.tif
20220403,0.02,0.0,0.02,8,49506,/Users/hqqq422/Desktop/deepearth/models/flood_hydrology/sentinel2/data/cloud_mask_20220403.tif
20220408,0.0,0.0,0.0,0,49506,/Users/hqqq422/Desktop/deepearth/models/flood_hydrology/sentinel2/data/cloud_mask_20220408.tif
20220508,52.77,13.95,51.0,25246,49506,/Users/hqqq422/Desktop/deepearth/models/flood_hydrology/sentinel2/data/cloud_mask_20220508.tif
20220607,0.03,0.0,0.02,12,49506,/Users/hqqq422/Desktop/deepearth/models/flood_hydrology/sentinel2/data/cloud_mask_20220607.tif
20220722,1.96,0.0,1.9,940,49506,/Users/hqqq422/Desktop/deepearth/models/flood_hydrology/sentinel2/data/cloud_mask_20220722.tif
20220727,0.0,0.0,0.0,0,49506,/Users/hqqq422/Desktop/deepearth/models/flood_hydrology/sentinel2/data/cloud_mask_20220727.tif
20220801,64.77,20.64,62.61,30997,49506,/Users/hqqq422/Desktop/deepearth/models/flood_hydrology/sentinel2/data/cloud_mask_20220801.tif
20220930,0.0,0.0,0.0,0,49506,/Users/hqqq422/Desktop/deepearth/models/flood_hydrology/sentinel2/data/cloud_mask_20220930.tif
20221005,0.0,0.0,0.0,0,49506,/Users/hqqq422/Desktop/deepearth/models/flood_hydrology/sentinel2/data/cloud_mask_20221005.tif
20221025,15.15,0.0,14.64,7248,49506,/Users/hqqq422/Desktop/deepearth/models/flood_hydrology/sentinel2/data/cloud_mask_20221025.tif
20221129,0.0,0.0,0.0,0,49506,/Users/hqqq422/Desktop/deepearth/models/flood_hydrology/sentinel2/data/cloud_mask_20221129.tif
20221204,0.0,0.0,0.0,0,49506,/Users/hqqq422/Desktop/deepearth/models/flood_hydrology/sentinel2/data/cloud_mask_20221204.tif
20221209,0.0,0.0,0.0,0,49506,/Users/hqqq422/Desktop/deepearth/models/flood_hydrology/sentinel2/data/cloud_mask_20221209.tif
20221219,0.0,0.0,0.0,0,49506,/Users/hqqq422/Desktop/deepearth/models/flood_hydrology/sentinel2/data/cloud_mask_20221219.tif
20221229,0.0,0.0,0.0,0,49506,/Users/hqqq422/Desktop/deepearth/models/flood_hydrology/sentinel2/data/cloud_mask_20221229.tif
20230108,64.39,4.74,62.24,30815,49506,/Users/hqqq422/Desktop/deepearth/models/flood_hydrology/sentinel2/data/cloud_mask_20230108.tif
20230207,95.56,0.0,92.36,45724,49506,/Users/hqqq422/Desktop/deepearth/models/flood_hydrology/sentinel2/data/cloud_mask_20230207.tif
20230217,0.0,0.0,0.0,0,49506,/Users/hqqq422/Desktop/deepearth/models/flood_hydrology/sentinel2/data/cloud_mask_20230217.tif
20230222,0.0,0.0,0.0,0,49506,/Users/hqqq422/Desktop/deepearth/models/flood_hydrology/sentinel2/data/cloud_mask_20230222.tif
20230309,0.0,0.0,0.0,0,49506,/Users/hqqq422/Desktop/deepearth/models/flood_hydrology/sentinel2/data/cloud_mask_20230309.tif
20230314,0.0,0.0,0.0,0,49506,/Users/hqqq422/Desktop/deepearth/models/flood_hydrology/sentinel2/data/cloud_mask_20230314.tif
20230324,7.74,0.0,7.48,3704,49506,/Users/hqqq422/Desktop/deepearth/models/flood_hydrology/sentinel2/data/cloud_mask_20230324.tif
20230418,3.19,0.0,3.09,1528,49506,/Users/hqqq422/Desktop/deepearth/models/flood_hydrology/sentinel2/data/cloud_mask_20230418.tif
20230503,0.0,0.0,0.0,0,49506,/Users/hqqq422/Desktop/deepearth/models/flood_hydrology/sentinel2/data/cloud_mask_20230503.tif
20230508,0.0,0.0,0.0,0,49506,/Users/hqqq422/Desktop/deepearth/models/flood_hydrology/sentinel2/data/cloud_mask_20230508.tif
20230528,0.0,0.0,0.0,0,49506,/Users/hqqq422/Desktop/deepearth/models/flood_hydrology/sentinel2/data/cloud_mask_20230528.tif
20230627,24.71,1.46,23.91,11835,49506,/Users/hqqq422/Desktop/deepearth/models/flood_hydrology/sentinel2/data/cloud_mask_20230627.tif
20230722,33.37,8.89,32.28,15983,49506,/Users/hqqq422/Desktop/deepearth/models/flood_hydrology/sentinel2/data/cloud_mask_20230722.tif
20230826,0.0,0.0,0.0,0,49506,/Users/hqqq422/Desktop/deepearth/models/flood_hydrology/sentinel2/data/cloud_mask_20230826.tif
20230910,9.17,0.07,8.86,4386,49506,/Users/hqqq422/Desktop/deepearth/models/flood_hydrology/sentinel2/data/cloud_mask_20230910.tif
20230915,25.11,1.17,24.27,12013,49506,/Users/hqqq422/Desktop/deepearth/models/flood_hydrology/sentinel2/data/cloud_mask_20230915.tif
20231015,0.0,0.0,0.0,0,49506,/Users/hqqq422/Desktop/deepearth/models/flood_hydrology/sentinel2/data/cloud_mask_20231015.tif
20231020,11.51,0.01,11.13,5508,49506,/Users/hqqq422/Desktop/deepearth/models/flood_hydrology/sentinel2/data/cloud_mask_20231020.tif
20231119,0.0,0.0,0.0,0,49506,/Users/hqqq422/Desktop/deepearth/models/flood_hydrology/sentinel2/data/cloud_mask_20231119.tif
20231129,0.0,0.0,0.0,0,49506,/Users/hqqq422/Desktop/deepearth/models/flood_hydrology/sentinel2/data/cloud_mask_20231129.tif
20231209,0.0,0.0,0.0,0,49506,/Users/hqqq422/Desktop/deepearth/models/flood_hydrology/sentinel2/data/cloud_mask_20231209.tif
20231219,0.0,0.0,0.0,0,49506,/Users/hqqq422/Desktop/deepearth/models/flood_hydrology/sentinel2/data/cloud_mask_20231219.tif
20240202,0.0,0.0,0.0,0,49506,/Users/hqqq422/Desktop/deepearth/models/flood_hydrology/sentinel2/data/cloud_mask_20240202.tif
20240207,0.0,0.0,0.0,0,49506,/Users/hqqq422/Desktop/deepearth/models/flood_hydrology/sentinel2/data/cloud_mask_20240207.tif
20240212,4.31,0.03,4.17,2065,49506,/Users/hqqq422/Desktop/deepearth/models/flood_hydrology/sentinel2/data/cloud_mask_20240212.tif
20240222,0.0,0.0,0.0,0,49506,/Users/hqqq422/Desktop/deepearth/models/flood_hydrology/sentinel2/data/cloud_mask_20240222.tif
20240227,10.01,0.0,9.68,4790,49506,/Users/hqqq422/Desktop/deepearth/models/flood_hydrology/sentinel2/data/cloud_mask_20240227.tif
20240407,0.0,0.0,0.0,0,49506,/Users/hqqq422/Desktop/deepearth/models/flood_hydrology/sentinel2/data/cloud_mask_20240407.tif
20240412,0.0,0.0,0.0,0,49506,/Users/hqqq422/Desktop/deepearth/models/flood_hydrology/sentinel2/data/cloud_mask_20240412.tif
20240502,46.25,0.0,44.7,22127,49506,/Users/hqqq422/Desktop/deepearth/models/flood_hydrology/sentinel2/data/cloud_mask_20240502.tif
20240527,0.0,0.0,0.0,0,49506,/Users/hqqq422/Desktop/deepearth/models/flood_hydrology/sentinel2/data/cloud_mask_20240527.tif
20240726,24.05,4.38,23.25,11509,49506,/Users/hqqq422/Desktop/deepearth/models/flood_hydrology/sentinel2/data/cloud_mask_20240726.tif
20241014,0.0,0.0,0.0,0,49506,/Users/hqqq422/Desktop/deepearth/models/flood_hydrology/sentinel2/data/cloud_mask_20241014.tif
20241024,0.0,0.0,0.0,0,49506,/Users/hqqq422/Desktop/deepearth/models/flood_hydrology/sentinel2/data/cloud_mask_20241024.tif
20241123,0.0,0.0,0.0,0,49506,/Users/hqqq422/Desktop/deepearth/models/flood_hydrology/sentinel2/data/cloud_mask_20241123.tif
20241203,0.0,0.0,0.0,0,49506,/Users/hqqq422/Desktop/deepearth/models/flood_hydrology/sentinel2/data/cloud_mask_20241203.tif
20250112,0.0,0.0,0.0,0,49506,/Users/hqqq422/Desktop/deepearth/models/flood_hydrology/sentinel2/data/cloud_mask_20250112.tif
20250206,0.02,0.0,0.02,8,49506,/Users/hqqq422/Desktop/deepearth/models/flood_hydrology/sentinel2/data/cloud_mask_20250206.tif
20250221,0.0,0.0,0.0,0,49506,/Users/hqqq422/Desktop/deepearth/models/flood_hydrology/sentinel2/data/cloud_mask_20250221.tif
20250226,0.0,0.0,0.0,0,49506,/Users/hqqq422/Desktop/deepearth/models/flood_hydrology/sentinel2/data/cloud_mask_20250226.tif
20250303,0.01,0.0,0.01,4,49506,/Users/hqqq422/Desktop/deepearth/models/flood_hydrology/sentinel2/data/cloud_mask_20250303.tif
20250308,14.5,0.0,14.01,6938,49506,/Users/hqqq422/Desktop/deepearth/models/flood_hydrology/sentinel2/data/cloud_mask_20250308.tif
20250313,0.0,0.0,0.0,0,49506,/Users/hqqq422/Desktop/deepearth/models/flood_hydrology/sentinel2/data/cloud_mask_20250313.tif
20250318,14.86,0.0,14.36,7110,49506,/Users/hqqq422/Desktop/deepearth/models/flood_hydrology/sentinel2/data/cloud_mask_20250318.tif
20250412,0.0,0.0,0.0,0,49506,/Users/hqqq422/Desktop/deepearth/models/flood_hydrology/sentinel2/data/cloud_mask_20250412.tif
20250417,0.0,0.0,0.0,0,49506,/Users/hqqq422/Desktop/deepearth/models/flood_hydrology/sentinel2/data/cloud_mask_20250417.tif
20250517,0.0,0.0,0.0,0,49506,/Users/hqqq422/Desktop/deepearth/models/flood_hydrology/sentinel2/data/cloud_mask_20250517.tif
20250601,1.17,0.03,1.13,560,49506,/Users/hqqq422/Desktop/deepearth/models/flood_hydrology/sentinel2/data/cloud_mask_20250601.tif
20250701,13.66,0.21,13.2,6536,49506,/Users/hqqq422/Desktop/deepearth/models/flood_hydrology/sentinel2/data/cloud_mask_20250701.tif
20250726,0.0,0.0,0.0,0,49506,/Users/hqqq422/Desktop/deepearth/models/flood_hydrology/sentinel2/data/cloud_mask_20250726.tif
20250728,0.0,0.0,0.0,0,49506,/Users/hqqq422/Desktop/deepearth/models/flood_hydrology/sentinel2/data/cloud_mask_20250728.tif
20250919,0.0,0.0,0.0,0,49506,/Users/hqqq422/Desktop/deepearth/models/flood_hydrology/sentinel2/data/cloud_mask_20250919.tif
20250924,0.06,0.0,0.06,28,49506,/Users/hqqq422/Desktop/deepearth/models/flood_hydrology/sentinel2/data/cloud_mask_20250924.tif
20251014,0.0,0.0,0.0,0,49506,/Users/hqqq422/Desktop/deepearth/models/flood_hydrology/sentinel2/data/cloud_mask_20251014.tif
20251019,0.08,0.0,0.08,40,49506,/Users/hqqq422/Desktop/deepearth/models/flood_hydrology/sentinel2/data/cloud_mask_20251019.tif
20251024,5.24,0.0,5.06,2506,49506,/Users/hqqq422/Desktop/deepearth/models/flood_hydrology/sentinel2/data/cloud_mask_20251024.tif
20251103,0.0,0.0,0.0,0,49506,/Users/hqqq422/Desktop/deepearth/models/flood_hydrology/sentinel2/data/cloud_mask_20251103.tif
20251105,0.0,0.0,0.0,0,49506,/Users/hqqq422/Desktop/deepearth/models/flood_hydrology/sentinel2/data/cloud_mask_20251105.tif
20251108,77.19,0.0,74.6,36931,49506,/Users/hqqq422/Desktop/deepearth/models/flood_hydrology/sentinel2/data/cloud_mask_20251108.tif
20251113,0.0,0.0,0.0,0,49506,/Users/hqqq422/Desktop/deepearth/models/flood_hydrology/sentinel2/data/cloud_mask_20251113.tif
20251118,0.0,0.0,0.0,0,49506,/Users/hqqq422/Desktop/deepearth/models/flood_hydrology/sentinel2/data/cloud_mask_20251118.tif
20251125,25.88,4.81,25.06,12405,49506,/Users/hqqq422/Desktop/deepearth/models/flood_hydrology/sentinel2/data/cloud_mask_20251125.tif
20251128,0.0,0.0,0.0,0,49506,/Users/hqqq422/Desktop/deepearth/models/flood_hydrology/sentinel2/data/cloud_mask_20251128.tif
20251223,2.27,0.0,2.19,1084,49506,/Users/hqqq422/Desktop/deepearth/models/flood_hydrology/sentinel2/data/cloud_mask_20251223.tif
20251228,0.0,0.0,0.0,0,49506,/Users/hqqq422/Desktop/deepearth/models/flood_hydrology/sentinel2/data/cloud_mask_20251228.tif
20260127,43.79,0.0,42.32,20953,49506,/Users/hqqq422/Desktop/deepearth/models/flood_hydrology/sentinel2/data/cloud_mask_20260127.tif
20260206,0.0,0.0,0.0,0,49506,/Users/hqqq422/Desktop/deepearth/models/flood_hydrology/sentinel2/data/cloud_mask_20260206.tif
20260221,0.0,0.0,0.0,0,49506,/Users/hqqq422/Desktop/deepearth/models/flood_hydrology/sentinel2/data/cloud_mask_20260221.tif
20260328,0.0,0.0,0.0,0,49506,/Users/hqqq422/Desktop/deepearth/models/flood_hydrology/sentinel2/data/cloud_mask_20260328.tif
20260412,15.77,0.0,15.24,7546,49506,/Users/hqqq422/Desktop/deepearth/models/flood_hydrology/sentinel2/data/cloud_mask_20260412.tif
20260417,0.0,0.0,0.0,0,49506,/Users/hqqq422/Desktop/deepearth/models/flood_hydrology/sentinel2/data/cloud_mask_20260417.tif
20260424,0.0,0.0,0.0,0,49506,/Users/hqqq422/Desktop/deepearth/models/flood_hydrology/sentinel2/data/cloud_mask_20260424.tif
20260507,0.0,0.0,0.0,0,49506,/Users/hqqq422/Desktop/deepearth/models/flood_hydrology/sentinel2/data/cloud_mask_20260507.tif
